sequence,fitness
RQDACCLFFSLFLLCGWVQC,1.8740632076972932
RKDACCLFFSLFLCLQVMKI,1.8740632076972932
RKDACCLFFSLFLCLSVMQI,1.8740632076972932
RKDACCLFFSLFLLCGWVQC,1.8740632076972932
RKDACCLFFSLFLCLQVMQV,1.8740632076972932
RKDACCLFFSLFLCLQVMQI,1.8614296307365077
RKDACCLFFSLFLCLGWVQI,1.8614296307365077
RQDMCCLFFSCFLCLQVMQI,1.8493771999041406
RHDLCCLFFSCFLCLQVMQI,1.8493771999041406
RKDACCLLFSFFLLCGWVQC,1.8493771999041406
RQDLCCLFFSCFLCLQVMQI,1.8367436229433551
RQDLCCLFFSCFLCLQVMKI,1.8367436229433551
RQYLCCLFFSCFLCLQVMQI,1.8367436229433551
RHDLCCLFFSCFLCLQVMKI,1.8367436229433551
RQDLCCLFFSLFLLCGWVQC,1.8367436229433551
RKDLCCLFFSCFLCLQVMQI,1.8367436229433551
RQDLCCLFFSLFLCLQFVKI,1.8367436229433551
RQDACCLFFSLFLCLQVMQI,1.8367436229433551
RKDLCCLFFSCFLCLQVMKI,1.8367436229433551
RKDACCLFFSLFLCLQVMQC,1.8367436229433551
RKDACCLFFSLFLCLQVWQC,1.8367436229433551
RKDACCLFFSLFLCLQVMEC,1.8367436229433551
RQDLCCLFFSLFLCLRFVKI,1.8367436229433551
RKDACCLFFSLFLLCGWVKI,1.8367436229433551
RKDACCLFFSLFLCLQVPKI,1.8367436229433551
