sequence,fitness
CWDMYILFIALIIAIWLLQK,0.9953379953379954
CWDMYFLIILLIIAIWLLEK,0.9950944855251075
CWDMYILFIALLIAIWLLQK,0.9948773448773447
CWDMYFLVIALIIAIWLLEK,0.9931689399538624
CWDMYILFIALIIAIWLVQK,0.9931689399538622
CWDMYILIIALIIAIWLLQK,0.9929527836504581
HWDMYFLIILLIIAIWLLEK,0.9926457558036504
CWRMYILIILLIIAIWLLEK,0.9916167695869443
FWDMYILIILLIIAIIAVQK,0.9914361001317523
CWDMYILFIALIIAIWLLEK,0.9906831965655494
CWDMYFLFIALIIAIWLLEK,0.9906019656019653
CWDMYIVIILWIIAIWLLQK,0.9905533063427798
CWDMYILIIALIIAIWLVQK,0.9905303030303029
HWDMYILIILLIIAAWLVEK,0.9901366607248959
CWDMYFLIILLIIAAWLAEK,0.9899621212121212
MWDMYILFIALLIAIWLLQK,0.9898874150211048
CWDMYILWIALIIAIWLLQK,0.9897554140965567
CWDMYILIILLIIAIWLVQK,0.9896120293847566
CWDMYILFIALIIAIWLLSK,0.9889846041055718
CWDMYILIILLIIAIWLVHK,0.9889277389277389
WWDMYILIGLLIAAIWLLEK,0.9887786960514233
CWDMYILLIAFIIAIWLLQK,0.9886561695385225
CWDMYIVIILWIIAIWLLSK,0.9886482081604033
CWDMYILIILLIIAIWLLQK,0.9883748196248194
FWDMYILIILLIIAILAVQK,0.9881680946552427
