sequence,fitness
MPRAEFAAAQAAMMMQMAEL,0.6716589017678584
MPRAEFAAAQAAMMMQMEKL,0.6304745486322911
MPRAEFAAAHAAMMMQMEKL,0.6096056725132208
AIRADMAAAQAMMMMQMEKF,0.6036782534210845
AIRADMAAAQAMMMMQMSEC,0.5933250345595276
ALRADMAAARAAMMMQMSEL,0.5855825599533686
MPRAEFAAAQAAMMMQMEEL,0.5808394589933931
APQANMAAARAAMMMQMSEL,0.5738100298440167
AMKADMAAARAAMMMQMSEL,0.565800261455804
APQADMAAARAMMMMQMSEL,0.554807961475432
APKAQMFAARAMMMMQMEKF,0.5378103358537915
AIRADMAAARAMMMMQMSEC,0.5306354586718596
APKAQMAAARAMMMGQMAKL,0.5285572154664966
APQADMAAARAAMMMQMSEL,0.5267511859591075
MPRAEFAAAQAAMMMQMEHL,0.5256738196525855
AIKAEIAASKMAMMIQLEKL,0.5223213161955613
AMKADMAAARAAMMMQMSDL,0.5172730038098803
ALRADMAAARAAMMMQMSDL,0.5156525500500915
APKADMAAARAAMMGQMAEL,0.5079585592455449
MPRAQWAAARAAMMGQMAEL,0.5069127659573527
AIKADMAAARAAMMMQMSEC,0.5039638038110656
APKAQMAAARAMMMGQMSKF,0.49720314889379524
AIKADMAAARAAMMMQMSEL,0.4950995624445431
APKAQMAAASMAMMGQMAKL,0.49452702635657997
MPRAEFAAARAAMMMQMSDL,0.49420743975744086
