sequence,fitness
SPKMDVAAAKAMVIARMPNI,1.0446582436870904
SPKGTVAAAKSAVMMKMPNI,0.8948716300093909
SPKGTVAAAKSAVMMKMSNL,0.8948716300093909
SPHGRVAAAKSAVMMKMSNL,0.8948716300093909
SPKGDVAAARSAIMMRMPNI,0.8294049640102027
SPQSELAAAKACVIIRMLNV,0.8143997343876859
SPKGDVAIAKEAVGMRMPNI,0.7600902459542083
SPQSELSQAQACVLIRMLNV,0.7339278387659809
SPKGDVAAAKACVCIRMLNV,0.7339278387659809
SPKGDVAAAKACVIVRMPNI,0.7339278387659808
SPKGDVAAAKACVIIRMPNI,0.6796183503325032
SPKGDVAAAKACIIMRMPNI,0.6796183503325032
SPKFDVAAARASVWVRMPNI,0.6796183503325032
SVKGDVAAAKACVIIRMPNI,0.6796183503325032
SPKGDVAAAKACVWVRMPNI,0.6796183503325032
SPQSELSSAQACVIIRMLNV,0.6646131207099863
HPKGDVPAARSAIIMRMFNI,0.6646131207099863
SPKGTVAAAKSAVMMHMSNL,0.6646131207099862
TPKGTVAAAKSAVMMKMPNI,0.6646131207099862
SPKFDVAAAKACIIMRMPNI,0.6103036322765087
SPQSELAAARASVIIRMLNV,0.6103036322765087
SPKGTVVAAKSAVMMKMPNI,0.6103036322765086
SPKGDVAAAKACVIMKMPNI,0.5991464547107982
SPKFDVAAARASVGIRMPNI,0.5991464547107982
SPKGDVCAARSAIIMRMPNI,0.5991464547107982
